,peak_traffic,p95_traffic,avg_cache_hit,total_savings,avg_response
0,133.07761143838917,123.65084916608309,0.9649507327584417,18071.930210683022,17.537264708409353
